"Category module"," Post Course","Course id","Course Schedule","Name","Skill Level","Status"
"First Aid","","1737514195085x395230453940617200","Jan 9, 2025 5:30 am","aaa","Beginner","Publish"
"Toddler Sleep","","1737514059017x557218542189805600","Jan 1, 2025 5:30 am","aaa","Intermediate","Publish"
"First Aid","","1737514909296x417295483892662300","Jan 8, 2025 5:30 am","gbh","Beginner","Publish"
"Toddler Sleep","","1737514909296x417295483892662300","Jan 9, 2025 5:30 am","kj;g","Beginner","Publish"
"Toddler Sleep","","1737517223802x209270294828548100","Jan 22, 2025 5:30 am","name1111111111111","Intermediate","Publish"
"","","1737517223802x209270294828548100","","raegv","","Publish"
"Baby Sleep","","1738055248603x440690794547642400","","Introduction","Beginner","Publish"
"","","1738055520800x978585264665395200","","Introduction","","Publish"
"","","1738055520800x978585264665395200","","Step 1","","Publish"
"","","1738055248603x440690794547642400","","Introduction","","Publish"
"","","1738055698258x429436046712504300","","","","Publish"
"Baby Sleep","","1738055698258x429436046712504300","","Intorduction","Beginner","Publish"
"","","1738055698258x429436046712504300","","","","Publish"
"","","1738055698258x429436046712504300","","","","Publish"
"","","1738055698258x429436046712504300","","","","Draft"
"Toddler Behavior*","","1738055248603x440690794547642400","Jan 1, 2025 5:30 am","","","Publish"
"Toddler Sleep","","1738055248603x440690794547642400","Dec 31, 2024 5:30 am","","","Publish"
"Toddler Sleep","","1738055248603x440690794547642400","Dec 31, 2024 5:30 am","÷≥","Beginner","Publish"
"Toddler Sleep","","1738069007202x763576735643729900","Jan 1, 2025 5:30 am","testing 1","Beginner","Publish"
"Baby Sleep","","1738141275983x184417504513228800","Jan 8, 2025 12:00 am","Welcome","Beginner","Publish"
"","","1738141275983x184417504513228800","","","","Draft"
"Baby Sleep","","1738178314090x941418709033156600","","Introduction","Beginner","Publish"
"Baby Sleep","","1738178314090x941418709033156600","","Chapter 1","Beginner","Publish"
"Baby Sleep","","1738178314090x941418709033156600","","Chapter 2","Beginner","Publish"
"Baby Sleep","","1738178314090x941418709033156600","","Chapter 3","Beginner","Publish"
"Baby Sleep","","1738178314090x941418709033156600","","Chapter 4","Beginner","Publish"
"Baby Sleep","","1738211302476x509009831906508800","","Newborn 0-4 Weeks","Beginner","Publish"
"Toddler Sleep","","1738216987513x574906568794177540","","segwgweg dgeghewgh","Beginner","Publish"
"Toddler Sleep","","1738232784223x713765628472459300","","1.1 What is Normal?","Beginner","Publish"
"Toddler Sleep","","1738232784223x713765628472459300","","1.2 Poo (stool, bowel action)","Intermediate","Publish"
"All","","1738237693537x545321632976601100","","Newborn: 0-4 Weeks","Beginner","Publish"
"Baby Sleep","","1738216987513x574906568794177540","","Tester","Beginner","Publish"
"Toddler Behavior*","","1738216987513x574906568794177540","","Cot Position","Intermediate","Publish"
"First Aid","","1738244229990x969467090645811200","","chapter 1","Beginner","Publish"
"Baby Sleep","","1738244229990x969467090645811200","","Chapter 2","Expert","Publish"
"","","1738244229990x969467090645811200","","Chepter 3","","Draft"
"Toddler Sleep","","1738216987513x574906568794177540","","Course Overview Video","Beginner","Publish"
"Toddler Behavior*","","1738295772132x587342078083858400","","1 type add","Beginner","Publish"
"Toddler Sleep","","1738309746473x667888593385029600","","vnvvx","Beginner","Publish"
"First Aid","","1738316744408x463506230864248800","","module","Intermediate","Publish"
"Toddler Sleep","","1738316744408x463506230864248800","","module2-nwe","Intermediate","Publish"
"","","1738319133685x963006290475352000","","","","Draft"
"","","1738320007875x569970159205482500","","","","Draft"
"","","1738321192620x298984135858847740","","","","Draft"
"Toddler Sleep","","1738321946868x809463161003442200","","Test","Beginner","Publish"
"First Aid","","1738321946868x809463161003442200","","Tttttt","Intermediate","Publish"
"","","1738321946868x809463161003442200","","Test testTest testTest test","","Draft"
"","Toddler Sleep Program","1738211565701x843388859190345700","","Toddler: 1-2 Years ","","Publish"
"Toddler Sleep","","1738216987513x574906568794177540","","vchnvjn","Beginner","Publish"
"First Aid","","1738333871575x965353594395033600","","module 1","Beginner","Draft"
"First Aid","","1738334236421x948219703946641400","","Module 1","Intermediate","Publish"
"First Aid","","1738334236421x948219703946641400","","Name 1","Beginner","Publish"
"First Aid","","1738334236421x948219703946641400","","Tester ","Beginner","Publish"
"First Aid","","1738334236421x948219703946641400","","hgfscdf","Intermediate","Publish"
"","","1738295772132x587342078083858400","","","","Draft"
"","","1738334236421x948219703946641400","","","","Draft"
"","","1738397622076x863961458694160400","","","","Draft"
"All","","1738486820876x774433510977175600","","Pre-School: 2-5 Years","Intermediate","Publish"
"All","","1738486820876x774433510977175600","","1.1 Sleep Environment","Intermediate","Publish"
"All","","1738486820876x774433510977175600","","1.2 Routine","Intermediate","Publish"
"All","","1738486820876x774433510977175600","","1.3 Nightmares &  Night Terrors","Intermediate","Publish"
"All","","1738486820876x774433510977175600","","1.4 Sleep Settling  Techniques","Intermediate","Publish"
"All","","1738486820876x774433510977175600","","1.5 Nutrition","Intermediate","Publish"
"","","1738486820876x774433510977175600","","","","Draft"
"","","1738568146474x439318989607272450","","1.1 Sleep Environment","","Draft"
"","Big Baby Sleep Program","1738211436896x174196059034091520","","Big Baby: 4-8 Months","","Publish"
"Baby Sleep","Preparation for Newborns","1738631920240x970515425764835300","","Newborn: 0-4 weeks ","","Publish"
"","Preparation for Newborns","1738631920240x970515425764835300","","1.1 What is Normal ","","Publish"
"","Preparation for Newborns","1738631920240x970515425764835300","","1.2 Poo (stool, bowel action)","","Publish"
"","Preparation for Newborns","1738631920240x970515425764835300","","1.3 Awake Times ","","Publish"
"","Preparation for Newborns","1738631920240x970515425764835300","","1.4 Sleep Environment","","Publish"
"","Preparation for Newborns","1738631920240x970515425764835300","","1.5 Winding and Burping","","Publish"
"","Preparation for Newborns","1738631920240x970515425764835300","","Vomits, Spills, Possets and Reflux","","Publish"
"","Preparation for Newborns","1738631920240x970515425764835300","","1.7 Rashes and Other Things","","Publish"
"","Preparation for Newborns","1738631920240x970515425764835300","","1.8 Breastmilk vs Formula ","","Publish"
"","Preparation for Newborns","1738631920240x970515425764835300","","1.9 Maternal Nutrition","","Publish"
"Baby Sleep","Preparation for Newborns","1738631920240x970515425764835300","","1.10 Babies and Breastmilk","Intermediate","Publish"
"","Preparation for Newborns","1738631920240x970515425764835300","","1.11 Managing Common Breastfeeding Problems","","Publish"
"","Preparation for Newborns","1738631920240x970515425764835300","","1.12 Hunger Signs","","Publish"
"","Preparation for Newborns","1738631920240x970515425764835300","","1.13 Tired Signs ","","Publish"
"","Preparation for Newborns","1738631920240x970515425764835300","","1.14 Settling and Unsettled Babies","","Publish"
"","Preparation for Newborns","1738631920240x970515425764835300","","1.15 The Role of the Non-Breastfeeding Parent ","","Publish"
"","Preparation for Newborns","1738631920240x970515425764835300","","1.16 Bathing","","Publish"
"","Preparation for Newborns","1738631920240x970515425764835300","","1.17 Swaddling ","","Publish"
"","Preparation for Newborns","1738631920240x970515425764835300","","1.18 Tummy Time ","","Publish"
"","Preparation for Newborns","1738631920240x970515425764835300","","1.19 Development","","Publish"
"","Preparation for Newborns","1738631920240x970515425764835300","","1.20 Pacifiers and Dummies","","Publish"
"","Preparation for Newborns","1738631920240x970515425764835300","","1.21 Parental Wellbeing","","Publish"
"","Preparation for Newborns","1738631920240x970515425764835300","","Frequently Asked Questions","","Publish"
"","Preparation for Newborns","1738631920240x970515425764835300","","Evidence Based Research & Clinical Experience","","Publish"
"","Little Baby Sleep Program","1738211381074x619811994544111600","","Little Baby: 4-16 Weeks","","Publish"
"","","1738844559200x484457750964731900","","Newborn: 0-4 Weeks","","Publish"
"","","1738844559200x484457750964731900","","Newborn: 0-4 WeeksNewborn: 0-4 Weeks","","Draft"
"Baby Sleep","","1738997097726x729091635170508800","","Model testing","Intermediate","Publish"
"","","1739065040965x300688505535201300","","Little Baby: 4-16 Weeks","","Draft"
"","Little Baby Sleep Program","1738211381074x619811994544111600","","1.1 Sleep Environment","","Publish"
"","Little Baby Sleep Program","1738211381074x619811994544111600","","1.2 Swaddling","","Publish"
"","Little Baby Sleep Program","1738211381074x619811994544111600","","1.3 Wind and Burping","","Publish"
"","Little Baby Sleep Program","1738211381074x619811994544111600","","1.4 Tired Signs","","Publish"
"","Little Baby Sleep Program","1738211381074x619811994544111600","","1.5 Awake Times","","Publish"
"Baby Sleep","Little Baby Sleep Program","1738211381074x619811994544111600","","1.6 Routine","Beginner","Publish"
"","Little Baby Sleep Program","1738211381074x619811994544111600","","1.7 Sleep Cycles","","Publish"
"","Little Baby Sleep Program","1738211381074x619811994544111600","","1.8 Settling and Calming Babies","","Publish"
"","Little Baby Sleep Program","1738211381074x619811994544111600","","1.9 The Role of Dads and Non-Breastfeeding Parents","","Publish"
"","Little Baby Sleep Program","1738211381074x619811994544111600","","1.10 Breastmilk and Formula","","Publish"
"","Little Baby Sleep Program","1738211381074x619811994544111600","","1.11 Maternal Nutrition","","Publish"
"Baby Sleep","Little Baby Sleep Program","1738211381074x619811994544111600","","1.12 Babies & Milk ","Beginner","Publish"
"","Little Baby Sleep Program","1738211381074x619811994544111600","","1.13 Managing Common Breastfeeding Problems","","Publish"
"","Little Baby Sleep Program","1738211381074x619811994544111600","","1.14 Development","","Publish"
"","Little Baby Sleep Program","1738211381074x619811994544111600","","1.15 Possets, Vomit, Spills and Reflux ","","Publish"
"","Little Baby Sleep Program","1738211381074x619811994544111600","","1.16 Getting Out of the House","","Publish"
"","Little Baby Sleep Program","1738211381074x619811994544111600","","1.17 Parental Wellbeing","","Publish"
"","Little Baby Sleep Program","1738211381074x619811994544111600","","Bottle Rejection","","Publish"
"","Little Baby Sleep Program","1738211381074x619811994544111600","","1.19 Travelling with Little Babies","","Publish"
"","Little Baby Sleep Program","1738211381074x619811994544111600","","1.20 Troubleshooting and Other","","Publish"
"","Little Baby Sleep Program","1738211381074x619811994544111600","","Evidence Based Clinical Research & Clinical Experience ","","Publish"
"","Big Baby Sleep Program","1738211436896x174196059034091520","","1.1 Sleep Environment","","Publish"
"","Big Baby Sleep Program","1738211436896x174196059034091520","","1.2 Introducing Solids","","Publish"
"","Big Baby Sleep Program","1738211436896x174196059034091520","","1.3 Routine","","Publish"
"","Big Baby Sleep Program","1738211436896x174196059034091520","","1.4 Sleep Cycles","","Publish"
"","Big Baby Sleep Program","1738211436896x174196059034091520","","1.5 Settling Techniques","","Publish"
"","Big Baby Sleep Program","1738211436896x174196059034091520","","1.6 Role of the Non-Breastfeeding Parent","","Publish"
"","Big Baby Sleep Program","1738211436896x174196059034091520","","1.7 Winding, Burping and More","","Publish"
"","Big Baby Sleep Program","1738211436896x174196059034091520","","1.8 Development","","Publish"
"","Big Baby Sleep Program","1738211436896x174196059034091520","","1.9 Teething","","Publish"
"","Big Baby Sleep Program","1738211436896x174196059034091520","","1.10 Bottle Refusal ","","Publish"
"","Big Baby Sleep Program","1738211436896x174196059034091520","","1.11 Tummy Time & Activity ","","Publish"
"","Big Baby Sleep Program","1738211436896x174196059034091520","","1.12 Sleep Props: Dummies & Comforters","","Publish"
"","Big Baby Sleep Program","1738211436896x174196059034091520","","1.13 Daycare","","Publish"
"","Big Baby Sleep Program","1738211436896x174196059034091520","","1.14 Travelling with Babies","","Publish"
"","Big Baby Sleep Program","1738211436896x174196059034091520","","1.15 Parental Wellbeing ","","Publish"
"Baby Sleep","Big Baby Sleep Program","1738211436896x174196059034091520","","1.16 Troubleshooting & Other ","Beginner","Publish"
"","Big Baby Sleep Program","1738211436896x174196059034091520","","Evidence Based Clinical Research and Clinical Experience","","Publish"
"Toddler Sleep","Pre-Toddler Sleep Program","1738211513350x866090906720665600","","Pre Toddler: 8-12 Months","Beginner","Publish"
"","Pre-Toddler Sleep Program","1738211513350x866090906720665600","","1.1 Sleep Environment","","Publish"
"Toddler Sleep","Pre-Toddler Sleep Program","1738211513350x866090906720665600","","1.2 Routine","Beginner","Publish"
"","Pre-Toddler Sleep Program","1738211513350x866090906720665600","","1.3 Sleep Cycles","","Publish"
"Toddler Sleep","Pre-Toddler Sleep Program","1738211513350x866090906720665600","","1.4 Settling Techniques","Beginner","Publish"
"","Pre-Toddler Sleep Program","1738211513350x866090906720665600","","1.5 Role of the Non-Breastfeeding Parent","","Publish"
"","Pre-Toddler Sleep Program","1738211513350x866090906720665600","","1.6 Sleep Props","","Publish"
"Toddler Sleep","Pre-Toddler Sleep Program","1738211513350x866090906720665600","","1.7 Nutrition","Beginner","Publish"
"Toddler Sleep","Pre-Toddler Sleep Program","1738211513350x866090906720665600","","1.8 Development","Beginner","Publish"
"","Pre-Toddler Sleep Program","1738211513350x866090906720665600","","1.9 Teething","","Publish"
"Toddler Sleep","Pre-Toddler Sleep Program","1738211513350x866090906720665600","","1.10 Activities, Getting Out & Travelling with Babies","Beginner","Publish"
"","Pre-Toddler Sleep Program","1738211513350x866090906720665600","","1.11 Daycare","","Publish"
"","Pre-Toddler Sleep Program","1738211513350x866090906720665600","","1.12 Bottle Refusal","","Publish"
"","Pre-Toddler Sleep Program","1738211513350x866090906720665600","","1.13 Parental Wellbeing","","Publish"
"Toddler Sleep","Pre-Toddler Sleep Program","1738211513350x866090906720665600","","1.14 Troublshooting","Beginner","Publish"
"","Pre-Toddler Sleep Program","1738211513350x866090906720665600","","Evidence Based Clinical Research & Clinical Experience","","Publish"
"Toddler Sleep","Toddler Sleep Program","1738211565701x843388859190345700","","1.1 Sleep Environment ","Beginner","Publish"
"","Toddler Sleep Program","1738211565701x843388859190345700","","1.2 Routine","","Publish"
"Toddler Sleep","Toddler Sleep Program","1738211565701x843388859190345700","","1.3 Settling Techniques","Beginner","Publish"
"","Toddler Sleep Program","1738211565701x843388859190345700","","1.4 Sleep Cycles","","Publish"
"","Toddler Sleep Program","1738211565701x843388859190345700","","1.5 Sleep Props","","Publish"
"","Toddler Sleep Program","1738211565701x843388859190345700","","1.6 Nutrition","","Publish"
"","Toddler Sleep Program","1738211565701x843388859190345700","","1.7 Screen Time ","","Publish"
"","Toddler Sleep Program","1738211565701x843388859190345700","","1.8 Development ","","Publish"
"","Toddler Sleep Program","1738211565701x843388859190345700","","1.9 Getting Out, Activities and Daycare","","Publish"
"","Toddler Sleep Program","1738211565701x843388859190345700","","1.10 Parental Wellbeing ","","Publish"
"","Toddler Sleep Program","1738211565701x843388859190345700","","1.11 Troubleshooting","","Publish"
"","Toddler Sleep Program","1738211565701x843388859190345700","","Evidence Based Clinical Research & Clinical Experience","","Publish"
"","Pre-School Sleep Program","1738211625998x856545795660054500","","Pre-School: 2-5 Years ","","Publish"
"Toddler Sleep","Pre-School Sleep Program","1738211625998x856545795660054500","","1.1 Sleep Environment","Beginner","Publish"
"","Pre-School Sleep Program","1738211625998x856545795660054500","","1.2 Routine","","Publish"
"","Pre-School Sleep Program","1738211625998x856545795660054500","","1.3 Nightmares and Night Terrors","","Publish"
"","Pre-School Sleep Program","1738211625998x856545795660054500","","1.4 Settling Techniques for Pre-Schoolers","","Publish"
"","Pre-School Sleep Program","1738211625998x856545795660054500","","1.5 Nutrition","","Publish"
"","Pre-School Sleep Program","1738211625998x856545795660054500","","1.6 Development","","Publish"
"","Pre-School Sleep Program","1738211625998x856545795660054500","","1.7 Getting Out","","Publish"
"","Pre-School Sleep Program","1738211625998x856545795660054500","","1.8 Kinder Transition","","Publish"
"","Pre-School Sleep Program","1738211625998x856545795660054500","","1.9 Parental Wellbeing","","Publish"
"","Pre-School Sleep Program","1738211625998x856545795660054500","","1.10 Troubleshooting","","Publish"
"","Pre-School Sleep Program","1738211625998x856545795660054500","","Evidence Based Clinical Research and Clinical Experience ","","Publish"
"","Preparation for Newborns","1738631920240x970515425764835300","","","","Draft"
"","New Sibling Supplement","1740714032807x880560269585023000","","New Sibling Supplement","","Publish"
"","New Sibling Supplement","1740714032807x880560269585023000","","1.1 Preparing Your Toddler for a New Sibling","","Publish"
"","New Sibling Supplement","1740714032807x880560269585023000","","1.2 Challenging Behaviour and Jealousy","","Publish"
"","New Sibling Supplement","1740714032807x880560269585023000","","1.3 Safety","","Publish"
"","New Sibling Supplement","1740714032807x880560269585023000","","Breastfeeding and Mealtimes","","Publish"
"","New Sibling Supplement","1740714032807x880560269585023000","","1.5 Sleep and Routines","","Publish"
"","New Sibling Supplement","1740714032807x880560269585023000","","1.6 Bathing Two or More Children","","Publish"
"","New Sibling Supplement","1740714032807x880560269585023000","","1.7 Coping Strategies","","Publish"
"","Twins Supplement","1740715399162x980182825696755700","","Twins Supplement","","Publish"
"","Twins Supplement","1740715399162x980182825696755700","","1.1 Feeding Twins","","Publish"
"","Twins Supplement","1740715399162x980182825696755700","","1.2 Twin Routines","","Publish"
"","Twins Supplement","1740715399162x980182825696755700","","1.3 Settling","","Publish"
"","Twins Supplement","1740715399162x980182825696755700","","1.4 Sleep Environment","","Publish"
"","Twins Supplement","1740715399162x980182825696755700","","1.5 Age Correction ","","Publish"
"","Twins Supplement","1740715399162x980182825696755700","","1.6 Helpful Products","","Publish"
"","Twins Supplement","1740715399162x980182825696755700","","1.7 Helpful Twin Resources","","Publish"
"","Twins Supplement","1740715399162x980182825696755700","","1.7 Getting Time Out","","Publish"
"Toddler Behavior*","Toddler Toolkit","1741822441185x826889298740510700","","Introduction","Beginner","Publish"
"","Toddler Toolkit","1741822441185x826889298740510700","","1.0 Parenting Styles and Discipline","","Publish"
"","Toddler Toolkit","1741822441185x826889298740510700","","2.0 Growing Autonomy ","","Publish"
"","Toddler Toolkit","1741822441185x826889298740510700","","3.0 Triggers and Responses","","Publish"
"","Toddler Toolkit","1741822441185x826889298740510700","","4.0 Tantrums and Meltdowns ","","Publish"
"","Toddler Toolkit","1741822441185x826889298740510700","","5.0 Aggression and Power Struggles","","Publish"
"","Toddler Toolkit","1741822441185x826889298740510700","","6.0 Fussy Eating and Nutrition","","Publish"
"","Toddler Toolkit","1741822441185x826889298740510700","","7.0 Nitty Gritty","","Publish"
"","Toddler Toolkit","1741822441185x826889298740510700","","8.0 Transitions","","Publish"
"Toddler Behavior*","Toddler Toolkit","1741822441185x826889298740510700","","9.0 Toilet Training","Beginner","Publish"
"","Toddler Toolkit","1741822441185x826889298740510700","","10.0 Development","","Publish"
"","Toddler Toolkit","1741822441185x826889298740510700","","11.0 Screen Time","","Publish"
"","Toddler Toolkit","1741822441185x826889298740510700","","12.0 Other Caregivers","","Publish"
"","Toddler Toolkit","1741822441185x826889298740510700","","13.0 Anxiety ","","Publish"
"","Toddler Toolkit","1741822441185x826889298740510700","","14.0 Body Awareness","","Publish"
"","Toddler Toolkit","1741822441185x826889298740510700","","15.0 New Sibling","","Publish"
"","Toddler Toolkit","1741822441185x826889298740510700","","Academic Papers","","Publish"
"","Toddler Toolkit","1741822441185x826889298740510700","","","","Draft"
"","Testing Allergens","1746521064418x896614461038395400","","What should I do if I think my baby is having an allergic reaction?","","Publish"
"","Testing Allergens","1746521064418x896614461038395400","","Tracking Allergy Reactions","","Publish"
"","Testing Allergens","1746521064418x896614461038395400","","Be empowered not alarmed","","Publish"
